{
  "id": "discharge-summaries__clinical-transformer-presidio",
  "pipeline_name": "clinical-transformer-presidio",
  "dataset_source": "dataset:discharge_summaries",
  "document_count": 7,
  "metrics": {
    "overall": {
      "strict": {
        "precision": 0.422680412371134,
        "recall": 0.7321428571428571,
        "f1": 0.5359477124183006,
        "tp": 41,
        "fp": 56,
        "fn": 15
      },
      "exact_boundary": {
        "precision": 0.4639175257731959,
        "recall": 0.8035714285714286,
        "f1": 0.5882352941176471,
        "tp": 45,
        "fp": 52,
        "fn": 11
      },
      "partial_overlap": {
        "precision": 0.4803921568627451,
        "recall": 0.875,
        "f1": 0.620253164556962,
        "tp": 49,
        "fp": 53,
        "fn": 7
      },
      "token_level": {
        "precision": 0.6790123456790124,
        "recall": 0.8870967741935484,
        "f1": 0.7692307692307693,
        "tp": 495,
        "fp": 234,
        "fn": 63
      }
    },
    "per_label": {
      "AGE": {
        "strict": {
          "precision": 0.0,
          "recall": 0.0,
          "f1": 0.0,
          "tp": 0,
          "fp": 0,
          "fn": 4
        },
        "partial_overlap": {
          "precision": 0.0,
          "recall": 0.0,
          "f1": 0.0,
          "tp": 0,
          "fp": 0,
          "fn": 4
        },
        "token_level": {
          "precision": 0.0,
          "recall": 0.0,
          "f1": 0.0,
          "tp": 0,
          "fp": 0,
          "fn": 8
        },
        "support": 4
      },
      "DATE": {
        "strict": {
          "precision": 0.32142857142857145,
          "recall": 0.9,
          "f1": 0.4736842105263158,
          "tp": 9,
          "fp": 19,
          "fn": 1
        },
        "partial_overlap": {
          "precision": 0.3225806451612903,
          "recall": 1.0,
          "f1": 0.4878048780487805,
          "tp": 10,
          "fp": 21,
          "fn": 0
        },
        "token_level": {
          "precision": 0.5,
          "recall": 0.9666666666666667,
          "f1": 0.6590909090909091,
          "tp": 87,
          "fp": 87,
          "fn": 3
        },
        "support": 10
      },
      "EMAIL": {
        "strict": {
          "precision": 1.0,
          "recall": 1.0,
          "f1": 1.0,
          "tp": 2,
          "fp": 0,
          "fn": 0
        },
        "partial_overlap": {
          "precision": 1.0,
          "recall": 1.0,
          "f1": 1.0,
          "tp": 2,
          "fp": 0,
          "fn": 0
        },
        "token_level": {
          "precision": 1.0,
          "recall": 1.0,
          "f1": 1.0,
          "tp": 40,
          "fp": 0,
          "fn": 0
        },
        "support": 2
      },
      "FACILITY": {
        "strict": {
          "precision": 0.0,
          "recall": 0.0,
          "f1": 0.0,
          "tp": 0,
          "fp": 1,
          "fn": 0
        },
        "partial_overlap": {
          "precision": 0.0,
          "recall": 0.0,
          "f1": 0.0,
          "tp": 0,
          "fp": 1,
          "fn": 0
        },
        "token_level": {
          "precision": 0.0,
          "recall": 0.0,
          "f1": 0.0,
          "tp": 0,
          "fp": 17,
          "fn": 0
        },
        "support": 0
      },
      "HOSPITAL": {
        "strict": {
          "precision": 0.0,
          "recall": 0.0,
          "f1": 0.0,
          "tp": 0,
          "fp": 0,
          "fn": 1
        },
        "partial_overlap": {
          "precision": 0.0,
          "recall": 0.0,
          "f1": 0.0,
          "tp": 0,
          "fp": 0,
          "fn": 1
        },
        "token_level": {
          "precision": 0.0,
          "recall": 0.0,
          "f1": 0.0,
          "tp": 0,
          "fp": 0,
          "fn": 11
        },
        "support": 1
      },
      "ID": {
        "strict": {
          "precision": 0.3333333333333333,
          "recall": 0.42857142857142855,
          "f1": 0.375,
          "tp": 3,
          "fp": 6,
          "fn": 4
        },
        "partial_overlap": {
          "precision": 0.7,
          "recall": 1.0,
          "f1": 0.8235294117647058,
          "tp": 7,
          "fp": 3,
          "fn": 0
        },
        "token_level": {
          "precision": 0.7894736842105263,
          "recall": 0.8035714285714286,
          "f1": 0.7964601769911505,
          "tp": 45,
          "fp": 12,
          "fn": 11
        },
        "support": 7
      },
      "LOCATION": {
        "strict": {
          "precision": 1.0,
          "recall": 0.8,
          "f1": 0.888888888888889,
          "tp": 4,
          "fp": 0,
          "fn": 1
        },
        "partial_overlap": {
          "precision": 0.8,
          "recall": 0.8,
          "f1": 0.8000000000000002,
          "tp": 4,
          "fp": 1,
          "fn": 1
        },
        "token_level": {
          "precision": 1.0,
          "recall": 0.875,
          "f1": 0.9333333333333333,
          "tp": 84,
          "fp": 0,
          "fn": 12
        },
        "support": 5
      },
      "NAME": {
        "strict": {
          "precision": 0.6666666666666666,
          "recall": 0.9090909090909091,
          "f1": 0.7692307692307692,
          "tp": 20,
          "fp": 10,
          "fn": 2
        },
        "partial_overlap": {
          "precision": 0.7,
          "recall": 0.9545454545454546,
          "f1": 0.8076923076923077,
          "tp": 21,
          "fp": 9,
          "fn": 1
        },
        "token_level": {
          "precision": 0.7869565217391304,
          "recall": 0.9945054945054945,
          "f1": 0.8786407766990291,
          "tp": 181,
          "fp": 49,
          "fn": 1
        },
        "support": 22
      },
      "ORGANIZATION": {
        "strict": {
          "precision": 0.0,
          "recall": 0.0,
          "f1": 0.0,
          "tp": 0,
          "fp": 9,
          "fn": 0
        },
        "partial_overlap": {
          "precision": 0.0,
          "recall": 0.0,
          "f1": 0.0,
          "tp": 0,
          "fp": 9,
          "fn": 0
        },
        "token_level": {
          "precision": 0.0,
          "recall": 0.0,
          "f1": 0.0,
          "tp": 0,
          "fp": 50,
          "fn": 0
        },
        "support": 0
      },
      "PHONE": {
        "strict": {
          "precision": 0.23076923076923078,
          "recall": 0.6,
          "f1": 0.33333333333333337,
          "tp": 3,
          "fp": 10,
          "fn": 2
        },
        "partial_overlap": {
          "precision": 0.38461538461538464,
          "recall": 1.0,
          "f1": 0.5555555555555556,
          "tp": 5,
          "fp": 8,
          "fn": 0
        },
        "token_level": {
          "precision": 0.6296296296296297,
          "recall": 0.9066666666666666,
          "f1": 0.7431693989071038,
          "tp": 68,
          "fp": 40,
          "fn": 7
        },
        "support": 5
      },
      "URL": {
        "strict": {
          "precision": 0.0,
          "recall": 0.0,
          "f1": 0.0,
          "tp": 0,
          "fp": 1,
          "fn": 0
        },
        "partial_overlap": {
          "precision": 0.0,
          "recall": 0.0,
          "f1": 0.0,
          "tp": 0,
          "fp": 1,
          "fn": 0
        },
        "token_level": {
          "precision": 0.0,
          "recall": 0.0,
          "f1": 0.0,
          "tp": 0,
          "fp": 9,
          "fn": 0
        },
        "support": 0
      }
    },
    "risk_weighted_recall": 0.7843137254901961,
    "label_confusion": {
      "NAME": {
        "NAME": 22
      },
      "DATE": {
        "DATE": 16
      },
      "ID": {
        "ID": 9,
        "PHONE": 3
      },
      "AGE": {
        "<MISSED>": 2,
        "DATE": 2
      },
      "HOSPITAL": {
        "ORGANIZATION": 1
      },
      "PHONE": {
        "PHONE": 10,
        "ID": 1
      },
      "EMAIL": {
        "EMAIL": 2
      },
      "LOCATION": {
        "LOCATION": 5,