{
  "id": "discharge-summaries__presidio",
  "pipeline_name": "presidio",
  "dataset_source": "dataset:discharge_summaries",
  "document_count": 7,
  "metrics": {
    "overall": {
      "strict": {
        "precision": 0.3488372093023256,
        "recall": 0.5357142857142857,
        "f1": 0.4225352112676056,
        "tp": 30,
        "fp": 56,
        "fn": 26
      },
      "exact_boundary": {
        "precision": 0.49382716049382713,
        "recall": 0.7142857142857143,
        "f1": 0.583941605839416,
        "tp": 40,
        "fp": 41,
        "fn": 16
      },
      "partial_overlap": {
        "precision": 0.4418604651162791,
        "recall": 0.6785714285714286,
        "f1": 0.5352112676056338,
        "tp": 38,
        "fp": 48,
        "fn": 18
      },
      "token_level": {
        "precision": 0.5075862068965518,
        "recall": 0.6594982078853047,
        "f1": 0.573655494933749,
        "tp": 368,
        "fp": 357,
        "fn": 190
      }
    },
    "per_label": {
      "AGE": {
        "strict": {
          "precision": 0.0,
          "recall": 0.0,
          "f1": 0.0,
          "tp": 0,
          "fp": 0,
          "fn": 4
        },
        "partial_overlap": {
          "precision": 0.0,
          "recall": 0.0,
          "f1": 0.0,
          "tp": 0,
          "fp": 0,
          "fn": 4
        },
        "token_level": {
          "precision": 0.0,
          "recall": 0.0,
          "f1": 0.0,
          "tp": 0,
          "fp": 0,
          "fn": 8
        },
        "support": 4
      },
      "DATE": {
        "strict": {
          "precision": 0.37037037037037035,
          "recall": 1.0,
          "f1": 0.5405405405405406,
          "tp": 10,
          "fp": 17,
          "fn": 0
        },
        "partial_overlap": {
          "precision": 0.37037037037037035,
          "recall": 1.0,
          "f1": 0.5405405405405406,
          "tp": 10,
          "fp": 17,
          "fn": 0
        },
        "token_level": {
          "precision": 0.45685279187817257,
          "recall": 1.0,
          "f1": 0.627177700348432,
          "tp": 90,
          "fp": 107,
          "fn": 0
        },
        "support": 10
      },
      "EMAIL": {
        "strict": {
          "precision": 1.0,
          "recall": 1.0,
          "f1": 1.0,
          "tp": 2,
          "fp": 0,
          "fn": 0
        },
        "partial_overlap": {
          "precision": 1.0,
          "recall": 1.0,
          "f1": 1.0,
          "tp": 2,
          "fp": 0,
          "fn": 0
        },
        "token_level": {
          "precision": 1.0,
          "recall": 1.0,
          "f1": 1.0,
          "tp": 40,
          "fp": 0,
          "fn": 0
        },
        "support": 2
      },
      "FACILITY": {
        "strict": {
          "precision": 0.0,
          "recall": 0.0,
          "f1": 0.0,
          "tp": 0,
          "fp": 3,
          "fn": 0
        },
        "partial_overlap": {
          "precision": 0.0,
          "recall": 0.0,
          "f1": 0.0,
          "tp": 0,
          "fp": 3,
          "fn": 0
        },
        "token_level": {
          "precision": 0.0,
          "recall": 0.0,
          "f1": 0.0,
          "tp": 0,
          "fp": 67,
          "fn": 0
        },
        "support": 0
      },
      "HOSPITAL": {
        "strict": {
          "precision": 0.0,
          "recall": 0.0,
          "f1": 0.0,
          "tp": 0,
          "fp": 0,
          "fn": 1
        },
        "partial_overlap": {
          "precision": 0.0,
          "recall": 0.0,
          "f1": 0.0,
          "tp": 0,
          "fp": 0,
          "fn": 1
        },
        "token_level": {
          "precision": 0.0,
          "recall": 0.0,
          "f1": 0.0,
          "tp": 0,
          "fp": 0,
          "fn": 11
        },
        "support": 1
      },
      "ID": {
        "strict": {
          "precision": 0.0,
          "recall": 0.0,
          "f1": 0.0,
          "tp": 0,
          "fp": 1,
          "fn": 7
        },
        "partial_overlap": {
          "precision": 0.0,
          "recall": 0.0,
          "f1": 0.0,
          "tp": 0,
          "fp": 1,
          "fn": 7
        },
        "token_level": {
          "precision": 0.0,
          "recall": 0.0,
          "f1": 0.0,
          "tp": 0,
          "fp": 11,
          "fn": 56
        },
        "support": 7
      },
      "LOCATION": {
        "strict": {
          "precision": 0.0,
          "recall": 0.0,
          "f1": 0.0,
          "tp": 0,
          "fp": 2,
          "fn": 5
        },
        "partial_overlap": {
          "precision": 0.5,
          "recall": 0.2,
          "f1": 0.28571428571428575,
          "tp": 1,
          "fp": 1,
          "fn": 4
        },
        "token_level": {
          "precision": 0.4666666666666667,
          "recall": 0.07291666666666667,
          "f1": 0.12612612612612614,
          "tp": 7,
          "fp": 8,
          "fn": 89
        },
        "support": 5
      },
      "NAME": {
        "strict": {
          "precision": 0.5555555555555556,
          "recall": 0.6818181818181818,
          "f1": 0.6122448979591836,
          "tp": 15,
          "fp": 12,
          "fn": 7
        },
        "partial_overlap": {
          "precision": 0.7407407407407407,
          "recall": 0.9090909090909091,
          "f1": 0.8163265306122449,
          "tp": 20,
          "fp": 7,
          "fn": 2
        },
        "token_level": {
          "precision": 0.6603053435114504,
          "recall": 0.9505494505494505,
          "f1": 0.7792792792792793,
          "tp": 173,
          "fp": 89,
          "fn": 9
        },
        "support": 22
      },
      "ORGANIZATION": {
        "strict": {
          "precision": 0.0,
          "recall": 0.0,
          "f1": 0.0,
          "tp": 0,
          "fp": 10,
          "fn": 0
        },
        "partial_overlap": {
          "precision": 0.0,
          "recall": 0.0,
          "f1": 0.0,
          "tp": 0,
          "fp": 10,
          "fn": 0
        },
        "token_level": {
          "precision": 0.0,
          "recall": 0.0,
          "f1": 0.0,
          "tp": 0,
          "fp": 62,
          "fn": 0
        },
        "support": 0
      },
      "PHONE": {
        "strict": {
          "precision": 0.6,
          "recall": 0.6,
          "f1": 0.6,
          "tp": 3,
          "fp": 2,
          "fn": 2
        },
        "partial_overlap": {
          "precision": 1.0,
          "recall": 1.0,
          "f1": 1.0,
          "tp": 5,
          "fp": 0,
          "fn": 0
        },
        "token_level": {
          "precision": 0.9508196721311475,
          "recall": 0.7733333333333333,
          "f1": 0.8529411764705883,
          "tp": 58,
          "fp": 3,
          "fn": 17
        },
        "support": 5
      },
      "URL": {
        "strict": {
          "precision": 0.0,
          "recall": 0.0,
          "f1": 0.0,
          "tp": 0,
          "fp": 2,
          "fn": 0
        },
        "partial_overlap": {
          "precision": 0.0,
          "recall": 0.0,
          "f1": 0.0,
          "tp": 0,
          "fp": 2,
          "fn": 0
        },
        "token_level": {
          "precision": 0.0,
          "recall": 0.0,
          "f1": 0.0,
          "tp": 0,
          "fp": 23,
          "fn": 0
        },
        "support": 0
      },
      "US_BANK_NUMBER": {
        "strict": {
          "precision": 0.0,
          "recall": 0.0,
          "f1": 0.0,
          "tp": 0,
          "fp": 3,
          "fn": 0
        },
        "partial_overlap": {
          "precision": 0.0,
          "recall": 0.0,
          "f1": 0.0,
          "tp": 0,
          "fp": 3,
          "fn": 0
        },
        "token_level": {
          "precision": 0.0,
          "recall": 0.0,
          "f1": 0.0,
          "tp": 0,
          "fp": 33,
          "fn": 0
        },
        "support": 0
      },
      "US_DRIVER_LICENSE": {
        "strict": {
          "precision": 0.0,