{
  "id": "discharge-summaries__clinical-fast",
  "pipeline_name": "clinical-fast",
  "dataset_source": "dataset:discharge_summaries",
  "document_count": 7,
  "metrics": {
    "overall": {
      "strict": {
        "precision": 0.7391304347826086,
        "recall": 0.30357142857142855,
        "f1": 0.430379746835443,
        "tp": 17,
        "fp": 6,
        "fn": 39
      },
      "exact_boundary": {
        "precision": 0.782608695652174,
        "recall": 0.32142857142857145,
        "f1": 0.45569620253164556,
        "tp": 18,
        "fp": 5,
        "fn": 38
      },
      "partial_overlap": {
        "precision": 0.7916666666666666,
        "recall": 0.3392857142857143,
        "f1": 0.475,
        "tp": 19,
        "fp": 5,
        "fn": 37
      },
      "token_level": {
        "precision": 0.8830188679245283,
        "recall": 0.41935483870967744,
        "f1": 0.56865127582017,
        "tp": 234,
        "fp": 31,
        "fn": 324
      }
    },
    "per_label": {
      "AGE": {
        "strict": {
          "precision": 0.0,
          "recall": 0.0,
          "f1": 0.0,
          "tp": 0,
          "fp": 0,
          "fn": 4
        },
        "partial_overlap": {
          "precision": 0.0,
          "recall": 0.0,
          "f1": 0.0,
          "tp": 0,
          "fp": 0,
          "fn": 4
        },
        "token_level": {
          "precision": 0.0,
          "recall": 0.0,
          "f1": 0.0,
          "tp": 0,
          "fp": 0,
          "fn": 8
        },
        "support": 4
      },
      "DATE": {
        "strict": {
          "precision": 1.0,
          "recall": 0.9,
          "f1": 0.9473684210526316,
          "tp": 9,
          "fp": 0,
          "fn": 1
        },
        "partial_overlap": {
          "precision": 1.0,
          "recall": 0.9,
          "f1": 0.9473684210526316,
          "tp": 9,
          "fp": 0,
          "fn": 1
        },
        "token_level": {
          "precision": 1.0,
          "recall": 0.9555555555555556,
          "f1": 0.9772727272727273,
          "tp": 86,
          "fp": 0,
          "fn": 4
        },
        "support": 10
      },
      "EMAIL": {
        "strict": {
          "precision": 1.0,
          "recall": 1.0,
          "f1": 1.0,
          "tp": 2,
          "fp": 0,
          "fn": 0
        },
        "partial_overlap": {
          "precision": 1.0,
          "recall": 1.0,
          "f1": 1.0,
          "tp": 2,
          "fp": 0,
          "fn": 0
        },
        "token_level": {
          "precision": 1.0,
          "recall": 1.0,
          "f1": 1.0,
          "tp": 40,
          "fp": 0,
          "fn": 0
        },
        "support": 2
      },
      "HOSPITAL": {
        "strict": {
          "precision": 0.0,
          "recall": 0.0,
          "f1": 0.0,
          "tp": 0,
          "fp": 0,
          "fn": 1
        },
        "partial_overlap": {
          "precision": 0.0,
          "recall": 0.0,
          "f1": 0.0,
          "tp": 0,
          "fp": 0,
          "fn": 1
        },
        "token_level": {
          "precision": 0.0,
          "recall": 0.0,
          "f1": 0.0,
          "tp": 0,
          "fp": 0,
          "fn": 11
        },
        "support": 1
      },
      "ID": {
        "strict": {
          "precision": 0.5,
          "recall": 0.14285714285714285,
          "f1": 0.22222222222222224,
          "tp": 1,
          "fp": 1,
          "fn": 6
        },
        "partial_overlap": {
          "precision": 0.3333333333333333,
          "recall": 0.14285714285714285,
          "f1": 0.2,
          "tp": 1,
          "fp": 2,
          "fn": 6
        },
        "token_level": {
          "precision": 0.47619047619047616,
          "recall": 0.17857142857142858,
          "f1": 0.2597402597402597,
          "tp": 10,
          "fp": 11,
          "fn": 46
        },
        "support": 7
      },
      "LOCATION": {
        "strict": {
          "precision": 1.0,
          "recall": 0.4,
          "f1": 0.5714285714285715,
          "tp": 2,
          "fp": 0,
          "fn": 3
        },
        "partial_overlap": {
          "precision": 1.0,
          "recall": 0.4,
          "f1": 0.5714285714285715,
          "tp": 2,
          "fp": 0,
          "fn": 3
        },
        "token_level": {
          "precision": 1.0,
          "recall": 0.3541666666666667,
          "f1": 0.5230769230769231,
          "tp": 34,
          "fp": 0,
          "fn": 62
        },
        "support": 5
      },
      "NAME": {
        "strict": {
          "precision": 0.0,
          "recall": 0.0,
          "f1": 0.0,
          "tp": 0,
          "fp": 0,
          "fn": 22
        },
        "partial_overlap": {
          "precision": 0.0,
          "recall": 0.0,
          "f1": 0.0,
          "tp": 0,
          "fp": 0,
          "fn": 22
        },
        "token_level": {
          "precision": 0.0,
          "recall": 0.0,
          "f1": 0.0,
          "tp": 0,
          "fp": 0,
          "fn": 182
        },
        "support": 22
      },
      "PHONE": {
        "strict": {
          "precision": 0.375,
          "recall": 0.6,
          "f1": 0.4615384615384615,
          "tp": 3,
          "fp": 5,
          "fn": 2
        },
        "partial_overlap": {
          "precision": 0.625,
          "recall": 1.0,
          "f1": 0.7692307692307693,
          "tp": 5,
          "fp": 3,
          "fn": 0
        },
        "token_level": {
          "precision": 0.6153846153846154,
          "recall": 0.8533333333333334,
          "f1": 0.7150837988826816,
          "tp": 64,
          "fp": 40,
          "fn": 11
        },
        "support": 5
      }
    },
    "risk_weighted_recall": 0.2588235294117647,
    "label_confusion": {
      "NAME": {
        "<MISSED>": 22
      },
      "DATE": {
        "DATE": 9,
        "<MISSED>": 1
      },
      "ID": {
        "PHONE": 3,
        "ID": 2,
        "<MISSED>": 4
      },
      "AGE": {
        "<MISSED>": 4
      },
      "HOSPITAL": {
        "<MISSED>": 1
      },
      "PHONE": {
        "PHONE": 5,
        "ID": 1
      },
      "EMAIL": {
        "EMAIL": 2
      },
      "LOCATION": {
        "<MISSED>": 3,
        "LOCATION": 2
      }
    },
    "has_redaction": false,
    "risk_profile_name": "clinical_phi"
  },
  "created_at": "2026-04-26T06:41:03.262913+00:00"
}
